region,county,scenario,scenario_label,return_period,n_buildings,val_struct,val_cont,n_buildings_flooded,val_struct_flooded,val_cont_flooded,structure_damage,contents_damage,total_damage
USA_FL_W2_06,Charlotte,S1,Baseline,RP010,93987," $25,493,094,867.20 "," $12,746,547,435.41 ",2206," $634,743,139.40 "," $317,371,569.69 "," $310,967,863.27 "," $176,151,747.51 "," $487,119,610.80 "
USA_FL_W2_06,Collier,S1,Baseline,RP010,124567," $57,383,165,973.52 "," $28,691,582,975.51 ",8810," $4,083,333,318.50 "," $2,041,666,657.77 "," $1,828,474,418.71 "," $1,099,044,015.35 "," $2,927,518,434.10 "
USA_FL_W2_06,Hillsborough,S1,Baseline,RP010,404640," $123,800,786,742.92 "," $61,900,393,354.42 ",82," $26,589,423.76 "," $13,294,711.86 "," $11,024,471.94 "," $7,820,138.37 "," $18,844,610.30 "
USA_FL_W2_06,Lee,S1,Baseline,RP010,305926," $85,366,232,085.53 "," $42,683,116,042.26 ",10767," $2,935,253,507.54 "," $1,467,626,754.42 "," $1,361,202,832.46 "," $781,596,647.44 "," $2,142,799,479.90 "
USA_FL_W2_06,Manatee,S1,Baseline,RP010,144324," $47,761,541,301.18 "," $23,880,770,641.38 ",11893," $3,856,592,834.31 "," $1,928,296,416.77 "," $1,730,588,893.25 "," $1,000,725,177.19 "," $2,731,314,070.40 "
USA_FL_08,Miami-Dade,S1,Baseline,RP010,463365," $176,836,256,749.05 "," $88,418,128,367.06 ",5268," $7,609,461,168.71 "," $3,804,730,584.81 "," $1,957,329,147.89 "," $1,237,346,936.69 "," $3,194,676,084.60 "
USA_FL_W2_06,Pinellas,S1,Baseline,RP010,304706," $83,404,057,754.64 "," $41,702,028,895.88 ",21831," $9,481,538,957.14 "," $4,740,769,479.21 "," $5,118,023,426.32 "," $3,007,403,941.26 "," $8,125,427,367.60 "
USA_FL_W2_06,Charlotte,S1,Baseline,RP025,93987," $25,493,094,867.20 "," $12,746,547,435.41 ",4832," $1,177,215,910.79 "," $588,607,955.38 "," $601,090,597.72 "," $334,893,479.01 "," $935,984,076.70 "
USA_FL_W2_06,Collier,S1,Baseline,RP025,124567," $57,383,165,973.52 "," $28,691,582,975.51 ",12282," $6,089,842,635.35 "," $3,044,921,315.87 "," $3,537,990,004.01 "," $2,138,216,591.25 "," $5,676,206,595.30 "
USA_FL_W2_06,Hillsborough,S1,Baseline,RP025,404640," $123,800,786,742.92 "," $61,900,393,354.42 ",280," $93,814,971.78 "," $46,907,485.83 "," $29,248,497.01 "," $18,001,306.08 "," $47,249,803.10 "
USA_FL_W2_06,Lee,S1,Baseline,RP025,305926," $85,366,232,085.53 "," $42,683,116,042.26 ",22040," $5,854,344,909.13 "," $2,927,172,455.17 "," $2,654,688,471.26 "," $1,475,416,120.95 "," $4,130,104,592.20 "
USA_FL_W2_06,Manatee,S1,Baseline,RP025,144324," $47,761,541,301.18 "," $23,880,770,641.38 ",15126," $5,040,689,992.71 "," $2,520,344,996.02 "," $2,664,163,108.67 "," $1,535,741,696.95 "," $4,199,904,805.60 "
USA_FL_08,Miami-Dade,S1,Baseline,RP025,463365," $176,836,256,749.05 "," $88,418,128,367.06 ",5785," $7,886,944,019.19 "," $3,943,472,010.24 "," $2,117,892,727.45 "," $1,328,183,966.76 "," $3,446,076,694.20 "
USA_FL_W2_06,Pinellas,S1,Baseline,RP025,304706," $83,404,057,754.64 "," $41,702,028,895.88 ",25113," $11,020,733,135.17 "," $5,510,366,568.17 "," $6,831,387,648.88 "," $4,005,589,224.00 "," $10,836,976,872.90 "
USA_FL_W2_06,Charlotte,S1,Baseline,RP050,93987," $25,493,094,867.20 "," $12,746,547,435.41 ",9624," $2,199,486,608.71 "," $1,099,743,304.41 "," $1,181,483,676.00 "," $638,436,265.36 "," $1,819,919,941.40 "
USA_FL_W2_06,Collier,S1,Baseline,RP050,124567," $57,383,165,973.52 "," $28,691,582,975.51 ",19562," $9,276,196,161.90 "," $4,638,098,079.15 "," $5,455,593,097.65 "," $3,338,628,092.60 "," $8,794,221,190.20 "
USA_FL_W2_06,Hillsborough,S1,Baseline,RP050,404640," $123,800,786,742.92 "," $61,900,393,354.42 ",925," $298,284,561.26 "," $149,142,280.47 "," $89,354,702.47 "," $51,282,296.09 "," $140,636,998.60 "
USA_FL_W2_06,Lee,S1,Baseline,RP050,305926," $85,366,232,085.53 "," $42,683,116,042.26 ",54444," $14,535,782,504.44 "," $7,267,891,251.59 "," $6,465,140,050.48 "," $3,513,529,195.85 "," $9,978,669,246.30 "
USA_FL_W2_06,Manatee,S1,Baseline,RP050,144324," $47,761,541,301.18 "," $23,880,770,641.38 ",18589," $6,159,306,840.68 "," $3,079,653,419.99 "," $3,747,524,791.80 "," $2,144,230,235.04 "," $5,891,755,026.80 "
USA_FL_08,Miami-Dade,S1,Baseline,RP050,463365," $176,836,256,749.05 "," $88,418,128,367.06 ",6717," $8,480,931,521.54 "," $4,240,465,761.36 "," $2,343,300,226.74 "," $1,458,616,508.91 "," $3,801,916,735.60 "
USA_FL_W2_06,Pinellas,S1,Baseline,RP050,304706," $83,404,057,754.64 "," $41,702,028,895.88 ",28854," $12,494,860,534.93 "," $6,247,430,268.27 "," $8,172,547,683.66 "," $4,819,263,654.48 "," $12,991,811,338.10 "
USA_FL_W2_06,Charlotte,S1,Baseline,RP100,93987," $25,493,094,867.20 "," $12,746,547,435.41 ",23469," $5,997,442,251.63 "," $2,998,721,125.80 "," $2,844,954,586.57 "," $1,544,367,859.25 "," $4,389,322,445.80 "
USA_FL_W2_06,Collier,S1,Baseline,RP100,124567," $57,383,165,973.52 "," $28,691,582,975.51 ",39859," $17,770,683,983.69 "," $8,885,341,990.18 "," $10,014,471,118.63 "," $6,048,444,925.94 "," $16,062,916,044.60 "
USA_FL_W2_06,Hillsborough,S1,Baseline,RP100,404640," $123,800,786,742.92 "," $61,900,393,354.42 ",2928," $1,021,131,223.79 "," $510,565,611.46 "," $339,942,050.39 "," $182,824,861.34 "," $522,766,911.70 "
USA_FL_W2_06,Lee,S1,Baseline,RP100,305926," $85,366,232,085.53 "," $42,683,116,042.26 ",97331," $26,223,952,917.69 "," $13,111,976,459.49 "," $15,482,345,738.68 "," $8,342,322,143.23 "," $23,824,667,881.90 "
USA_FL_W2_06,Manatee,S1,Baseline,RP100,144324," $47,761,541,301.18 "," $23,880,770,641.38 ",22448," $7,315,632,015.82 "," $3,657,816,007.75 "," $4,993,662,390.08 "," $2,850,744,477.39 "," $7,844,406,867.50 "
USA_FL_08,Miami-Dade,S1,Baseline,RP100,463365," $176,836,256,749.05 "," $88,418,128,367.06 ",10703," $10,999,746,182.96 "," $5,499,873,091.23 "," $3,229,453,672.58 "," $2,002,046,682.21 "," $5,231,500,354.80 "
USA_FL_W2_06,Pinellas,S1,Baseline,RP100,304706," $83,404,057,754.64 "," $41,702,028,895.88 ",35117," $14,610,232,036.18 "," $7,305,116,019.18 "," $9,718,217,167.02 "," $5,706,607,948.77 "," $15,424,825,115.80 "
USA_FL_W2_06,Charlotte,S2,No Mangroves,RP010,93987," $25,493,094,867.20 "," $12,746,547,435.41 ",2261," $649,912,649.04 "," $324,956,324.51 "," $320,136,503.85 "," $181,240,752.54 "," $501,377,256.40 "
USA_FL_W2_06,Collier,S2,No Mangroves,RP010,124567," $57,383,165,973.52 "," $28,691,582,975.51 ",9066," $4,173,328,818.27 "," $2,086,664,407.63 "," $1,893,811,147.19 "," $1,136,087,603.46 "," $3,029,898,750.60 "
USA_FL_W2_06,Hillsborough,S2,No Mangroves,RP010,404640," $123,800,786,742.92 "," $61,900,393,354.42 ",82," $26,589,423.76 "," $13,294,711.86 "," $11,031,189.85 "," $7,823,566.48 "," $18,854,756.30 "
USA_FL_W2_06,Lee,S2,No Mangroves,RP010,305926," $85,366,232,085.53 "," $42,683,116,042.26 ",11941," $3,186,310,948.43 "," $1,593,155,474.87 "," $1,473,289,361.22 "," $837,828,980.94 "," $2,311,118,342.20 "
USA_FL_W2_06,Manatee,S2,No Mangroves,RP010,144324," $47,761,541,301.18 "," $23,880,770,641.38 ",11942," $3,876,490,163.50 "," $1,938,245,081.36 "," $1,749,252,039.75 "," $1,011,027,264.11 "," $2,760,279,303.90 "
USA_FL_08,Miami-Dade,S2,No Mangroves,RP010,463365," $176,836,256,749.05 "," $88,418,128,367.06 ",5379," $7,859,073,072.62 "," $3,929,536,536.77 "," $2,046,441,798.08 "," $1,293,713,255.45 "," $3,340,155,053.50 "
USA_FL_W2_06,Pinellas,S2,No Mangroves,RP010,304706," $83,404,057,754.64 "," $41,702,028,895.88 ",21862," $9,495,841,596.78 "," $4,747,920,799.03 "," $5,127,557,800.04 "," $3,012,033,181.25 "," $8,139,590,981.30 "
USA_FL_W2_06,Charlotte,S2,No Mangroves,RP025,93987," $25,493,094,867.20 "," $12,746,547,435.41 ",5041," $1,223,432,159.52 "," $611,716,079.74 "," $617,740,371.03 "," $343,866,080.07 "," $961,606,451.10 "
USA_FL_W2_06,Collier,S2,No Mangroves,RP025,124567," $57,383,165,973.52 "," $28,691,582,975.51 ",13488," $6,509,727,306.49 "," $3,254,863,651.49 "," $3,737,975,414.65 "," $2,252,592,981.78 "," $5,990,568,396.40 "
USA_FL_W2_06,Hillsborough,S2,No Mangroves,RP025,404640," $123,800,786,742.92 "," $61,900,393,354.42 ",343," $108,273,696.35 "," $54,136,848.12 "," $33,120,152.33 "," $19,991,024.16 "," $53,111,176.50 "
USA_FL_W2_06,Lee,S2,No Mangroves,RP025,305926," $85,366,232,085.53 "," $42,683,116,042.26 ",30815," $7,969,419,732.86 "," $3,984,709,866.35 "," $3,376,569,828.36 "," $1,849,802,067.83 "," $5,226,371,896.20 "
USA_FL_W2_06,Manatee,S2,No Mangroves,RP025,144324," $47,761,541,301.18 "," $23,880,770,641.38 ",15177," $5,057,869,159.64 "," $2,528,934,579.49 "," $2,676,148,281.98 "," $1,544,267,121.08 "," $4,220,415,403.10 "
USA_FL_08,Miami-Dade,S2,No Mangroves,RP025,463365," $176,836,256,749.05 "," $88,418,128,367.06 ",5934," $8,124,973,699.24 "," $4,062,486,850.13 "," $2,207,730,426.51 "," $1,385,917,449.15 "," $3,593,647,875.70 "
USA_FL_W2_06,Pinellas,S2,No Mangroves,RP025,304706," $83,404,057,754.64 "," $41,702,028,895.88 ",25144," $11,030,659,927.46 "," $5,515,329,964.32 "," $6,840,126,377.53 "," $4,011,167,796.09 "," $10,851,294,173.60 "
USA_FL_W2_06,Charlotte,S2,No Mangroves,RP050,93987," $25,493,094,867.20 "," $12,746,547,435.41 ",10599," $2,487,279,179.74 "," $1,243,639,589.89 "," $1,267,080,572.10 "," $685,188,129.39 "," $1,952,268,701.50 "
USA_FL_W2_06,Collier,S2,No Mangroves,RP050,124567," $57,383,165,973.52 "," $28,691,582,975.51 ",28495," $12,331,422,844.67 "," $6,165,711,420.59 "," $6,687,616,244.04 "," $4,016,808,775.21 "," $10,704,425,019.30 "
USA_FL_W2_06,Hillsborough,S2,No Mangroves,RP050,404640," $123,800,786,742.92 "," $61,900,393,354.42 ",967," $311,412,578.26 "," $155,706,288.97 "," $93,484,704.10 "," $53,399,205.06 "," $146,883,909.20 "
USA_FL_W2_06,Lee,S2,No Mangroves,RP050,305926," $85,366,232,085.53 "," $42,683,116,042.26 ",70022," $18,931,817,162.59 "," $9,465,908,581.06 "," $9,643,945,095.26 "," $5,186,192,192.11 "," $14,830,137,287.40 "
USA_FL_W2_06,Manatee,S2,No Mangroves,RP050,144324," $47,761,541,301.18 "," $23,880,770,641.38 ",18670," $6,184,000,657.74 "," $3,092,000,328.52 "," $3,763,788,234.02 "," $2,155,398,895.09 "," $5,919,187,129.10 "
USA_FL_08,Miami-Dade,S2,No Mangroves,RP050,463365," $176,836,256,749.05 "," $88,418,128,367.06 ",6918," $8,752,010,799.15 "," $4,376,005,400.02 "," $2,444,648,901.05 "," $1,523,453,389.95 "," $3,968,102,291.00 "
USA_FL_W2_06,Pinellas,S2,No Mangroves,RP050,304706," $83,404,057,754.64 "," $41,702,028,895.88 ",28988," $12,540,198,241.96 "," $6,270,099,121.81 "," $8,189,934,712.04 "," $4,828,674,844.95 "," $13,018,609,557.00 "
USA_FL_W2_06,Charlotte,S2,No Mangroves,RP100,93987," $25,493,094,867.20 "," $12,746,547,435.41 ",29823," $7,863,849,934.14 "," $3,931,924,966.49 "," $3,722,582,534.78 "," $2,010,135,930.65 "," $5,732,718,465.40 "
USA_FL_W2_06,Collier,S2,No Mangroves,RP100,124567," $57,383,165,973.52 "," $28,691,582,975.51 ",45253," $19,911,038,219.33 "," $9,955,519,107.69 "," $12,003,978,502.59 "," $7,224,058,685.21 "," $19,228,037,187.80 "
USA_FL_W2_06,Hillsborough,S2,No Mangroves,RP100,404640," $123,800,786,742.92 "," $61,900,393,354.42 ",3060," $1,063,332,297.66 "," $531,666,148.38 "," $354,080,706.94 "," $190,148,538.26 "," $544,229,245.20 "
USA_FL_W2_06,Lee,S2,No Mangroves,RP100,305926," $85,366,232,085.53 "," $42,683,116,042.26 ",111137," $30,234,100,404.77 "," $15,117,050,203.59 "," $19,552,420,067.97 "," $10,578,774,954.83 "," $30,131,195,022.80 "
USA_FL_W2_06,Manatee,S2,No Mangroves,RP100,144324," $47,761,541,301.18 "," $23,880,770,641.38 ",22532," $7,354,681,908.50 "," $3,677,340,954.08 "," $5,021,380,567.17 "," $2,866,760,498.58 "," $7,888,141,065.70 "
USA_FL_08,Miami-Dade,S2,No Mangroves,RP100,463365," $176,836,256,749.05 "," $88,418,128,367.06 ",13172," $12,288,022,696.22 "," $6,144,011,347.45 "," $3,593,659,282.59 "," $2,206,971,849.82 "," $5,800,631,132.40 "
USA_FL_W2_06,Pinellas,S2,No Mangroves,RP100,304706," $83,404,057,754.64 "," $41,702,028,895.88 ",35434," $14,695,244,157.48 "," $7,347,622,079.85 "," $9,776,430,599.37 "," $5,738,276,417.75 "," $15,514,707,017.10 "
USA_FL_W2_06,Charlotte,S1CC,CC 2050,RP010,93987," $25,493,094,867.20 "," $12,746,547,435.41 ",4759," $1,159,288,326.06 "," $579,644,163.01 "," $595,657,154.92 "," $332,112,608.77 "," $927,769,763.70 "
USA_FL_W2_06,Collier,S1CC,CC 2050,RP010,124567," $57,383,165,973.52 "," $28,691,582,975.51 ",10921," $5,356,514,195.08 "," $2,678,257,095.88 "," $2,871,207,739.97 "," $1,743,842,359.96 "," $4,615,050,099.90 "
USA_FL_W2_06,Hillsborough,S1CC,CC 2050,RP010,404640," $123,800,786,742.92 "," $61,900,393,354.42 ",355," $125,895,909.73 "," $62,947,954.79 "," $37,612,367.38 "," $22,861,420.35 "," $60,473,787.70 "
USA_FL_W2_06,Lee,S1CC,CC 2050,RP010,305926," $85,366,232,085.53 "," $42,683,116,042.26 ",17688," $4,737,123,803.75 "," $2,368,561,902.54 "," $2,199,232,874.60 "," $1,237,669,635.36 "," $3,436,902,510.00 "
USA_FL_W2_06,Manatee,S1CC,CC 2050,RP010,144324," $47,761,541,301.18 "," $23,880,770,641.38 ",15736," $5,260,797,016.82 "," $2,630,398,508.07 "," $2,833,805,653.29 "," $1,630,397,660.80 "," $4,464,203,314.10 "
USA_FL_08,Miami-Dade,S1CC,CC 2050,RP010,463365," $176,836,256,749.05 "," $88,418,128,367.06 ",10451," $11,547,138,575.37 "," $5,773,569,287.90 "," $3,458,307,574.49 "," $2,137,493,690.97 "," $5,595,801,265.50 "
USA_FL_W2_06,Pinellas,S1CC,CC 2050,RP010,304706," $83,404,057,754.64 "," $41,702,028,895.88 ",25377," $11,101,816,914.46 "," $5,550,908,457.81 "," $6,918,919,342.64 "," $4,057,896,788.47 "," $10,976,816,131.10 "
USA_FL_W2_06,Charlotte,S1CC,CC 2050,RP025,93987," $25,493,094,867.20 "," $12,746,547,435.41 ",7698," $1,788,871,338.59 "," $894,435,669.31 "," $987,855,857.27 "," $537,708,863.33 "," $1,525,564,720.60 "
USA_FL_W2_06,Collier,S1CC,CC 2050,RP025,124567," $57,383,165,973.52 "," $28,691,582,975.51 ",14929," $7,534,832,896.85 "," $3,767,416,446.93 "," $4,524,326,597.68 "," $2,748,457,899.14 "," $7,272,784,496.80 "
USA_FL_W2_06,Hillsborough,S1CC,CC 2050,RP025,404640," $123,800,786,742.92 "," $61,900,393,354.42 ",1056," $355,305,101.77 "," $177,652,550.71 "," $109,941,795.75 "," $62,666,916.95 "," $172,608,712.70 "
USA_FL_W2_06,Lee,S1CC,CC 2050,RP025,305926," $85,366,232,085.53 "," $42,683,116,042.26 ",35484," $9,308,826,378.96 "," $4,654,413,189.55 "," $4,120,016,270.56 "," $2,267,072,087.33 "," $6,387,088,357.90 "
USA_FL_W2_06,Manatee,S1CC,CC 2050,RP025,144324," $47,761,541,301.18 "," $23,880,770,641.38 ",18758," $6,228,883,235.45 "," $3,114,441,617.37 "," $3,796,087,859.79 "," $2,176,387,972.70 "," $5,972,475,832.50 "
USA_FL_08,Miami-Dade,S1CC,CC 2050,RP025,463365," $176,836,256,749.05 "," $88,418,128,367.06 ",11636," $12,255,364,351.55 "," $6,127,682,175.63 "," $3,778,546,117.54 "," $2,338,545,202.10 "," $6,117,091,319.60 "
USA_FL_W2_06,Pinellas,S1CC,CC 2050,RP025,304706," $83,404,057,754.64 "," $41,702,028,895.88 ",29132," $12,542,854,973.25 "," $6,271,427,487.41 "," $8,216,075,832.20 "," $4,842,999,041.73 "," $13,059,074,873.90 "
USA_FL_W2_06,Charlotte,S1CC,CC 2050,RP050,93987," $25,493,094,867.20 "," $12,746,547,435.41 ",15166," $3,734,966,740.95 "," $1,867,483,370.49 "," $1,883,777,745.60 "," $1,027,819,148.06 "," $2,911,596,893.70 "
USA_FL_W2_06,Collier,S1CC,CC 2050,RP050,124567," $57,383,165,973.52 "," $28,691,582,975.51 ",27879," $12,610,829,297.89 "," $6,305,414,647.17 "," $6,849,376,724.89 "," $4,181,154,440.68 "," $11,030,531,165.60 "
USA_FL_W2_06,Hillsborough,S1CC,CC 2050,RP050,404640," $123,800,786,742.92 "," $61,900,393,354.42 ",2627," $903,664,371.67 "," $451,832,185.39 "," $295,917,531.55 "," $160,681,307.37 "," $456,598,838.90 "
USA_FL_W2_06,Lee,S1CC,CC 2050,RP050,305926," $85,366,232,085.53 "," $42,683,116,042.26 ",72593," $19,637,084,820.99 "," $9,818,542,410.41 "," $9,811,364,633.29 "," $5,286,365,749.73 "," $15,097,730,383.00 "
USA_FL_W2_06,Manatee,S1CC,CC 2050,RP050,144324," $47,761,541,301.18 "," $23,880,770,641.38 ",21748," $7,128,493,234.91 "," $3,564,246,617.21 "," $4,777,008,089.30 "," $2,733,691,476.71 "," $7,510,699,566.00 "
USA_FL_08,Miami-Dade,S1CC,CC 2050,RP050,463365," $176,836,256,749.05 "," $88,418,128,367.06 ",13464," $13,570,348,926.75 "," $6,785,174,462.97 "," $4,361,450,714.92 "," $2,695,701,808.91 "," $7,057,152,523.80 "
USA_FL_W2_06,Pinellas,S1CC,CC 2050,RP050,304706," $83,404,057,754.64 "," $41,702,028,895.88 ",34291," $14,288,880,363.87 "," $7,144,440,182.99 "," $9,483,244,174.59 "," $5,570,545,642.15 "," $15,053,789,816.70 "
USA_FL_W2_06,Charlotte,S1CC,CC 2050,RP100,93987," $25,493,094,867.20 "," $12,746,547,435.41 ",34151," $9,023,127,146.17 "," $4,511,563,572.70 "," $4,591,892,916.78 "," $2,468,591,124.13 "," $7,060,484,040.90 "
USA_FL_W2_06,Collier,S1CC,CC 2050,RP100,124567," $57,383,165,973.52 "," $28,691,582,975.51 ",45627," $20,878,612,049.07 "," $10,439,306,022.59 "," $12,261,508,017.81 "," $7,408,428,957.29 "," $19,669,936,975.10 "
USA_FL_W2_06,Hillsborough,S1CC,CC 2050,RP100,404640," $123,800,786,742.92 "," $61,900,393,354.42 ",6075," $2,007,176,792.83 "," $1,003,588,395.72 "," $800,767,115.82 "," $435,487,013.66 "," $1,236,254,129.50 "
USA_FL_W2_06,Lee,S1CC,CC 2050,RP100,305926," $85,366,232,085.53 "," $42,683,116,042.26 ",114142," $31,269,819,681.95 "," $15,634,909,842.10 "," $19,988,611,010.33 "," $10,850,277,152.70 "," $30,838,888,163.00 "
USA_FL_W2_06,Manatee,S1CC,CC 2050,RP100,144324," $47,761,541,301.18 "," $23,880,770,641.38 ",25395," $8,205,059,995.97 "," $4,102,529,997.94 "," $5,841,391,071.75 "," $3,317,804,551.55 "," $9,159,195,623.30 "
USA_FL_08,Miami-Dade,S1CC,CC 2050,RP100,463365," $176,836,256,749.05 "," $88,418,128,367.06 ",22379," $17,887,971,311.25 "," $8,943,985,654.49 "," $6,147,716,381.12 "," $3,761,984,346.97 "," $9,909,700,728.10 "
USA_FL_W2_06,Pinellas,S1CC,CC 2050,RP100,304706," $83,404,057,754.64 "," $41,702,028,895.88 ",42118," $16,515,941,020.10 "," $8,257,970,511.32 "," $11,188,759,277.97 "," $6,525,044,156.19 "," $17,713,803,434.20 "
USA_FL_W2_06,Charlotte,S2CC,No Mangroves + CC 2050,RP010,93987," $25,493,094,867.20 "," $12,746,547,435.41 ",4982," $1,203,618,282.37 "," $601,809,141.17 "," $611,325,164.88 "," $340,195,524.29 "," $951,520,689.20 "
USA_FL_W2_06,Collier,S2CC,No Mangroves + CC 2050,RP010,124567," $57,383,165,973.52 "," $28,691,582,975.51 ",11508," $5,542,545,347.14 "," $2,771,272,671.98 "," $2,990,716,712.75 "," $1,814,565,256.75 "," $4,805,281,969.50 "
USA_FL_W2_06,Hillsborough,S2CC,No Mangroves + CC 2050,RP010,404640," $123,800,786,742.92 "," $61,900,393,354.42 ",422," $139,813,092.31 "," $69,906,546.08 "," $41,425,832.46 "," $24,884,594.23 "," $66,310,426.70 "
USA_FL_W2_06,Lee,S2CC,No Mangroves + CC 2050,RP010,305926," $85,366,232,085.53 "," $42,683,116,042.26 ",22248," $5,716,408,742.73 "," $2,858,204,371.83 "," $2,570,858,428.35 "," $1,418,066,588.40 "," $3,988,925,016.80 "
USA_FL_W2_06,Manatee,S2CC,No Mangroves + CC 2050,RP010,144324," $47,761,541,301.18 "," $23,880,770,641.38 ",15815," $5,287,225,072.32 "," $2,643,612,535.82 "," $2,853,435,087.53 "," $1,640,882,216.57 "," $4,494,317,304.10 "
USA_FL_08,Miami-Dade,S2CC,No Mangroves + CC 2050,RP010,463365," $176,836,256,749.05 "," $88,418,128,367.06 ",10524," $11,749,619,082.07 "," $5,874,809,541.26 "," $3,515,936,840.84 "," $2,172,600,330.06 "," $5,688,537,170.90 "
USA_FL_W2_06,Pinellas,S2CC,No Mangroves + CC 2050,RP010,304706," $83,404,057,754.64 "," $41,702,028,895.88 ",25409," $11,120,391,739.25 "," $5,560,195,870.22 "," $6,927,105,315.47 "," $4,061,876,255.92 "," $10,988,981,571.40 "
USA_FL_W2_06,Charlotte,S2CC,No Mangroves + CC 2050,RP025,93987," $25,493,094,867.20 "," $12,746,547,435.41 ",8659," $1,975,390,270.63 "," $987,695,135.33 "," $1,054,734,567.07 "," $569,584,189.88 "," $1,624,318,756.90 "
USA_FL_W2_06,Collier,S2CC,No Mangroves + CC 2050,RP025,124567," $57,383,165,973.52 "," $28,691,582,975.51 ",19398," $8,920,615,446.20 "," $4,460,307,721.58 "," $5,106,774,193.64 "," $3,071,978,857.42 "," $8,178,753,051.10 "
USA_FL_W2_06,Hillsborough,S2CC,No Mangroves + CC 2050,RP025,404640," $123,800,786,742.92 "," $61,900,393,354.42 ",1104," $366,889,221.36 "," $183,444,610.50 "," $114,376,570.98 "," $64,768,522.72 "," $179,145,093.70 "
USA_FL_W2_06,Lee,S2CC,No Mangroves + CC 2050,RP025,305926," $85,366,232,085.53 "," $42,683,116,042.26 ",52191," $13,847,230,857.67 "," $6,923,615,427.82 "," $6,008,352,837.51 "," $3,253,760,119.47 "," $9,262,112,957.00 "
USA_FL_W2_06,Manatee,S2CC,No Mangroves + CC 2050,RP025,144324," $47,761,541,301.18 "," $23,880,770,641.38 ",18856," $6,257,263,167.52 "," $3,128,631,583.40 "," $3,814,832,903.44 "," $2,187,445,997.95 "," $6,002,278,901.40 "
USA_FL_08,Miami-Dade,S2CC,No Mangroves + CC 2050,RP025,463365," $176,836,256,749.05 "," $88,418,128,367.06 ",11894," $12,502,288,644.54 "," $6,251,144,322.01 "," $3,861,839,428.87 "," $2,389,197,805.48 "," $6,251,037,234.30 "
USA_FL_W2_06,Pinellas,S2CC,No Mangroves + CC 2050,RP025,304706," $83,404,057,754.64 "," $41,702,028,895.88 ",29266," $12,593,906,503.42 "," $6,296,953,252.52 "," $8,233,393,838.48 "," $4,852,103,906.57 "," $13,085,497,745.10 "
USA_FL_W2_06,Charlotte,S2CC,No Mangroves + CC 2050,RP050,93987," $25,493,094,867.20 "," $12,746,547,435.41 ",20307," $5,162,168,904.84 "," $2,581,084,452.24 "," $2,333,571,985.68 "," $1,266,845,351.67 "," $3,600,417,337.40 "
USA_FL_W2_06,Collier,S2CC,No Mangroves + CC 2050,RP050,124567," $57,383,165,973.52 "," $28,691,582,975.51 ",36467," $15,589,308,752.21 "," $7,794,654,373.99 "," $8,523,606,786.06 "," $5,140,515,537.72 "," $13,664,122,323.80 "
USA_FL_W2_06,Hillsborough,S2CC,No Mangroves + CC 2050,RP050,404640," $123,800,786,742.92 "," $61,900,393,354.42 ",2769," $951,567,315.90 "," $475,783,657.50 "," $311,819,799.84 "," $168,726,941.32 "," $480,546,741.20 "
USA_FL_W2_06,Lee,S2CC,No Mangroves + CC 2050,RP050,305926," $85,366,232,085.53 "," $42,683,116,042.26 ",89096," $24,036,514,469.82 "," $12,018,257,235.33 "," $14,233,915,211.42 "," $7,654,056,949.10 "," $21,887,972,160.50 "
USA_FL_W2_06,Manatee,S2CC,No Mangroves + CC 2050,RP050,144324," $47,761,541,301.18 "," $23,880,770,641.38 ",21832," $7,151,432,189.12 "," $3,575,716,094.32 "," $4,799,285,433.72 "," $2,747,310,641.18 "," $7,546,596,074.90 "
USA_FL_08,Miami-Dade,S2CC,No Mangroves + CC 2050,RP050,463365," $176,836,256,749.05 "," $88,418,128,367.06 ",14786," $14,302,078,116.46 "," $7,151,039,057.53 "," $4,567,391,990.66 "," $2,815,046,886.93 "," $7,382,438,877.60 "
USA_FL_W2_06,Pinellas,S2CC,No Mangroves + CC 2050,RP050,304706," $83,404,057,754.64 "," $41,702,028,895.88 ",34532," $14,372,413,313.97 "," $7,186,206,658.07 "," $9,537,881,756.57 "," $5,601,377,138.40 "," $15,139,258,895.00 "
USA_FL_W2_06,Charlotte,S2CC,No Mangroves + CC 2050,RP100,93987," $25,493,094,867.20 "," $12,746,547,435.41 ",38446," $10,156,763,855.60 "," $5,078,381,927.52 "," $6,127,372,467.95 "," $3,274,759,385.04 "," $9,402,131,853.00 "
USA_FL_W2_06,Collier,S2CC,No Mangroves + CC 2050,RP100,124567," $57,383,165,973.52 "," $28,691,582,975.51 ",51711," $24,119,278,626.87 "," $12,059,639,310.98 "," $14,367,158,258.89 "," $8,790,021,599.87 "," $23,157,179,858.80 "
USA_FL_W2_06,Hillsborough,S2CC,No Mangroves + CC 2050,RP100,404640," $123,800,786,742.92 "," $61,900,393,354.42 ",6420," $2,130,290,170.46 "," $1,065,145,084.45 "," $836,770,260.32 "," $455,798,873.42 "," $1,292,569,133.70 "
USA_FL_W2_06,Lee,S2CC,No Mangroves + CC 2050,RP100,305926," $85,366,232,085.53 "," $42,683,116,042.26 ",126462," $34,798,167,429.14 "," $17,399,083,715.93 "," $23,916,931,628.09 "," $13,001,879,471.63 "," $36,918,811,099.70 "
USA_FL_W2_06,Manatee,S2CC,No Mangroves + CC 2050,RP100,144324," $47,761,541,301.18 "," $23,880,770,641.38 ",25491," $8,233,784,876.03 "," $4,116,892,437.97 "," $5,860,370,710.00 "," $3,328,243,719.83 "," $9,188,614,429.80 "
USA_FL_08,Miami-Dade,S2CC,No Mangroves + CC 2050,RP100,463365," $176,836,256,749.05 "," $88,418,128,367.06 ",34585," $20,987,368,407.05 "," $10,493,684,203.09 "," $7,297,147,714.95 "," $4,403,539,059.02 "," $11,700,686,774.00 "
USA_FL_W2_06,Pinellas,S2CC,No Mangroves + CC 2050,RP100,304706," $83,404,057,754.64 "," $41,702,028,895.88 ",42750," $16,679,012,333.63 "," $8,339,506,168.11 "," $11,300,919,020.18 "," $6,584,617,504.70 "," $17,885,536,524.90 "
