region,county,scenario,scenario_label,return_period,n_buildings_fixed_sample,mean_damage,mean_damage_ratio,median_damage_ratio,median_damage,std_damage,mean_building_value,median_building_value,std_building_value
Florida_PNAS_2C,Charlotte,S1,Baseline,RP010,39631," $240,172.36 ",0.600028749801549,0.4732083939225662," $157,924.25 "," $280,895.76 "," $418,270.25 "," $321,991.38 "," $480,883.27 "
Florida_PNAS_2C+3B,Collier,S1,Baseline,RP010,27915," $406,547.22 ",0.5771648261416101,0.47170075481875245," $230,819.98 "," $877,164.52 "," $788,410.15 "," $466,225.54 "," $2,907,310.39 "
Florida_PNAS_1B,Hillsborough,S1,Baseline,RP010,29835," $268,059.60 ",0.525682106125486,0.39024693905884256," $169,365.82 "," $591,670.40 "," $558,262.61 "," $404,926.07 "," $1,331,628.06 "
Florida_PNAS_2C,Lee,S1,Baseline,RP010,77596," $229,347.81 ",0.5665124574750845,0.4008837833436725," $150,027.37 "," $327,840.58 "," $444,173.86 "," $360,282.31 "," $831,919.48 "
Florida_PNAS_1B,Manatee,S1,Baseline,RP010,23908," $308,179.56 ",0.6882824986755192,0.8805186874610187," $209,424.34 "," $745,700.87 "," $513,321.62 "," $332,907.28 "," $1,701,150.43 "
Florida_PNAS_5,Miami-Dade,S1,Baseline,RP010,24020," $500,273.14 ",0.44393968991599525,0.33484565580876663," $228,683.64 "," $1,334,168.42 "," $1,557,103.65 "," $562,141.90 "," $4,796,691.29 "
Florida_PNAS_1B,Pinellas,S1,Baseline,RP010,61257," $346,653.09 ",0.6368281340667824,0.5149096228144329," $218,067.66 "," $1,267,559.98 "," $582,781.81 "," $345,305.90 "," $2,001,444.74 "
Florida_PNAS_2C,Charlotte,S1,Baseline,RP025,39631," $304,242.28 ",0.7627909860950102,0.9777676871442795," $230,332.42 "," $308,311.19 "," $418,270.25 "," $321,991.38 "," $480,883.27 "
Florida_PNAS_2C+3B,Collier,S1,Baseline,RP025,27915," $533,903.24 ",0.7854325269937866,1.0," $362,598.07 "," $1,097,332.52 "," $788,410.15 "," $466,225.54 "," $2,907,310.39 "
Florida_PNAS_1B,Hillsborough,S1,Baseline,RP025,29835," $339,777.12 ",0.6699921682142864,0.7618088861191273," $235,894.61 "," $677,676.34 "," $558,262.61 "," $404,926.07 "," $1,331,628.06 "
Florida_PNAS_2C,Lee,S1,Baseline,RP025,77596," $305,526.27 ",0.7475928040131079,0.9430672424519061," $241,154.98 "," $391,018.34 "," $444,173.86 "," $360,282.31 "," $831,919.48 "
Florida_PNAS_1B,Manatee,S1,Baseline,RP025,23908," $354,078.79 ",0.7824225111429215,1.0," $242,954.74 "," $809,139.46 "," $513,321.62 "," $332,907.28 "," $1,701,150.43 "
Florida_PNAS_5,Miami-Dade,S1,Baseline,RP025,24020," $636,907.56 ",0.5979881272660438,0.45596296345383713," $348,086.61 "," $1,542,370.36 "," $1,557,103.65 "," $562,141.90 "," $4,796,691.29 "
Florida_PNAS_1B,Pinellas,S1,Baseline,RP025,61257," $401,432.49 ",0.7524351128186014,1.0," $263,645.57 "," $1,360,105.73 "," $582,781.81 "," $345,305.90 "," $2,001,444.74 "
Florida_PNAS_2C,Charlotte,S1,Baseline,RP050,39631," $347,788.15 ",0.8740280396627563,1.0," $274,659.89 "," $324,158.49 "," $418,270.25 "," $321,991.38 "," $480,883.27 "
Florida_PNAS_2C+3B,Collier,S1,Baseline,RP050,27915," $585,488.49 ",0.8440964636535796,1.0," $396,773.44 "," $1,296,610.02 "," $788,410.15 "," $466,225.54 "," $2,907,310.39 "
Florida_PNAS_1B,Hillsborough,S1,Baseline,RP050,29835," $394,981.13 ",0.7770230248959314,1.0," $286,897.68 "," $740,744.63 "," $558,262.61 "," $404,926.07 "," $1,331,628.06 "
Florida_PNAS_2C,Lee,S1,Baseline,RP050,77596," $355,866.16 ",0.8622673627955845,1.0," $299,026.02 "," $437,605.64 "," $444,173.86 "," $360,282.31 "," $831,919.48 "
Florida_PNAS_1B,Manatee,S1,Baseline,RP050,23908," $391,780.27 ",0.8589890287044882,1.0," $270,607.27 "," $873,327.49 "," $513,321.62 "," $332,907.28 "," $1,701,150.43 "
Florida_PNAS_5,Miami-Dade,S1,Baseline,RP050,24020," $732,765.90 ",0.6908139203331568,0.6479672205360243," $406,270.99 "," $1,733,657.33 "," $1,557,103.65 "," $562,141.90 "," $4,796,691.29 "
Florida_PNAS_1B,Pinellas,S1,Baseline,RP050,61257," $435,860.01 ",0.8257634139237341,1.0," $287,210.79 "," $1,395,449.61 "," $582,781.81 "," $345,305.90 "," $2,001,444.74 "
Florida_PNAS_2C,Charlotte,S1,Baseline,RP100,39631," $360,923.41 ",0.8999521374250222,1.0," $284,209.33 "," $337,106.54 "," $418,270.25 "," $321,991.38 "," $480,883.27 "
Florida_PNAS_2C+3B,Collier,S1,Baseline,RP100,27915," $617,180.65 ",0.8678876500141101,1.0," $409,463.89 "," $1,566,636.15 "," $788,410.15 "," $466,225.54 "," $2,907,310.39 "
Florida_PNAS_1B,Hillsborough,S1,Baseline,RP100,29835," $430,292.12 ",0.8398538271338623,1.0," $321,483.33 "," $831,983.40 "," $558,262.61 "," $404,926.07 "," $1,331,628.06 "
Florida_PNAS_2C,Lee,S1,Baseline,RP100,77596," $369,665.94 ",0.886022970810606,1.0," $311,184.91 "," $488,025.52 "," $444,173.86 "," $360,282.31 "," $831,919.48 "
Florida_PNAS_1B,Manatee,S1,Baseline,RP100,23908," $416,576.59 ",0.9031300908888964,1.0," $289,107.56 "," $927,678.71 "," $513,321.62 "," $332,907.28 "," $1,701,150.43 "
Florida_PNAS_5,Miami-Dade,S1,Baseline,RP100,24020," $829,766.58 ",0.7522039352081311,1.0," $437,140.71 "," $2,017,939.17 "," $1,557,103.65 "," $562,141.90 "," $4,796,691.29 "
Florida_PNAS_1B,Pinellas,S1,Baseline,RP100,61257," $457,885.76 ",0.8624022097997154,1.0," $298,727.95 "," $1,454,886.10 "," $582,781.81 "," $345,305.90 "," $2,001,444.74 "
Florida_PNAS_2C,Charlotte,S2,No Mangroves,RP010,39631," $247,509.21 ",0.618464506541235,0.5144695309316193," $165,790.36 "," $284,458.40 "," $418,270.25 "," $321,991.38 "," $480,883.27 "
Florida_PNAS_2C+3B,Collier,S2,No Mangroves,RP010,27915," $433,998.43 ",0.6398827239068476,0.5353327963744482," $272,012.81 "," $931,083.69 "," $788,410.15 "," $466,225.54 "," $2,907,310.39 "
Florida_PNAS_1B,Hillsborough,S2,No Mangroves,RP010,29835," $268,949.24 ",0.5276139886381928,0.3909952354343811," $170,059.97 "," $592,527.12 "," $558,262.61 "," $404,926.07 "," $1,331,628.06 "
Florida_PNAS_2C,Lee,S2,No Mangroves,RP010,77596," $245,111.70 ",0.6026629921814436,0.46796118733872216," $165,446.37 "," $344,730.38 "," $444,173.86 "," $360,282.31 "," $831,919.48 "
Florida_PNAS_1B,Manatee,S2,No Mangroves,RP010,23908," $308,518.83 ",0.6890823711209969,0.8824179011374713," $209,669.85 "," $746,131.93 "," $513,321.62 "," $332,907.28 "," $1,701,150.43 "
Florida_PNAS_5,Miami-Dade,S2,No Mangroves,RP010,24020," $507,271.64 ",0.4472955129091414,0.33771245968132285," $230,539.59 "," $1,346,456.55 "," $1,557,103.65 "," $562,141.90 "," $4,796,691.29 "
Florida_PNAS_1B,Pinellas,S2,No Mangroves,RP010,61257," $347,640.69 ",0.6395661425736711,0.5243337401843643," $218,808.45 "," $1,269,729.21 "," $582,781.81 "," $345,305.90 "," $2,001,444.74 "
Florida_PNAS_2C,Charlotte,S2,No Mangroves,RP025,39631," $309,972.35 ",0.7776563270429463,1.0," $236,954.18 "," $310,895.33 "," $418,270.25 "," $321,991.38 "," $480,883.27 "
Florida_PNAS_2C+3B,Collier,S2,No Mangroves,RP025,27915," $546,761.73 ",0.8052713446771889,1.0," $371,567.01 "," $1,138,123.61 "," $788,410.15 "," $466,225.54 "," $2,907,310.39 "
Florida_PNAS_1B,Hillsborough,S2,No Mangroves,RP025,29835," $340,439.60 ",0.6713296421248003,0.7641789921486377," $236,285.97 "," $678,128.05 "," $558,262.61 "," $404,926.07 "," $1,331,628.06 "
Florida_PNAS_2C,Lee,S2,No Mangroves,RP025,77596," $318,325.76 ",0.776876852610619,1.0," $256,792.27 "," $402,356.48 "," $444,173.86 "," $360,282.31 "," $831,919.48 "
Florida_PNAS_1B,Manatee,S2,No Mangroves,RP025,23908," $354,269.45 ",0.7828052167927039,1.0," $243,055.89 "," $810,160.98 "," $513,321.62 "," $332,907.28 "," $1,701,150.43 "
Florida_PNAS_5,Miami-Dade,S2,No Mangroves,RP025,24020," $642,035.66 ",0.6037486369120102,0.46570838377545043," $350,470.82 "," $1,551,636.20 "," $1,557,103.65 "," $562,141.90 "," $4,796,691.29 "
Florida_PNAS_1B,Pinellas,S2,No Mangroves,RP025,61257," $402,111.73 ",0.7543405840840297,1.0," $263,989.09 "," $1,361,291.71 "," $582,781.81 "," $345,305.90 "," $2,001,444.74 "
Florida_PNAS_2C,Charlotte,S2,No Mangroves,RP050,39631," $350,462.65 ",0.879719323514571,1.0," $276,492.71 "," $326,363.75 "," $418,270.25 "," $321,991.38 "," $480,883.27 "
Florida_PNAS_2C+3B,Collier,S2,No Mangroves,RP050,27915," $589,599.86 ",0.8479479731209874,1.0," $398,113.18 "," $1,334,084.40 "," $788,410.15 "," $466,225.54 "," $2,907,310.39 "
Florida_PNAS_1B,Hillsborough,S2,No Mangroves,RP050,29835," $395,550.16 ",0.7781311407722944,1.0," $287,586.35 "," $741,204.59 "," $558,262.61 "," $404,926.07 "," $1,331,628.06 "
Florida_PNAS_2C,Lee,S2,No Mangroves,RP050,77596," $358,705.13 ",0.868500504930228,1.0," $301,883.07 "," $439,881.67 "," $444,173.86 "," $360,282.31 "," $831,919.48 "
Florida_PNAS_1B,Manatee,S2,No Mangroves,RP050,23908," $391,932.36 ",0.8593101875123891,1.0," $270,768.57 "," $874,088.04 "," $513,321.62 "," $332,907.28 "," $1,701,150.43 "
Florida_PNAS_5,Miami-Dade,S2,No Mangroves,RP050,24020," $736,671.79 ",0.6940222743875071,0.7592571110713481," $407,426.52 "," $1,742,782.16 "," $1,557,103.65 "," $562,141.90 "," $4,796,691.29 "
Florida_PNAS_1B,Pinellas,S2,No Mangroves,RP050,61257," $436,121.50 ",0.8263231779972163,1.0," $287,389.74 "," $1,395,598.32 "," $582,781.81 "," $345,305.90 "," $2,001,444.74 "
Florida_PNAS_2C,Charlotte,S2,No Mangroves,RP100,39631," $361,737.27 ",0.9013906425594918,1.0," $284,774.72 "," $338,239.14 "," $418,270.25 "," $321,991.38 "," $480,883.27 "
Florida_PNAS_2C+3B,Collier,S2,No Mangroves,RP100,27915," $619,218.17 ",0.8697747458431512,1.0," $410,489.03 "," $1,582,235.63 "," $788,410.15 "," $466,225.54 "," $2,907,310.39 "
Florida_PNAS_1B,Hillsborough,S2,No Mangroves,RP100,29835," $430,493.66 ",0.8401273171370139,1.0," $321,612.95 "," $832,511.58 "," $558,262.61 "," $404,926.07 "," $1,331,628.06 "
Florida_PNAS_2C,Lee,S2,No Mangroves,RP100,77596," $370,826.62 ",0.8879825903133944,1.0," $312,195.18 "," $490,579.26 "," $444,173.86 "," $360,282.31 "," $831,919.48 "
Florida_PNAS_1B,Manatee,S2,No Mangroves,RP100,23908," $416,649.04 ",0.9032290284059523,1.0," $289,158.03 "," $928,136.92 "," $513,321.62 "," $332,907.28 "," $1,701,150.43 "
Florida_PNAS_5,Miami-Dade,S2,No Mangroves,RP100,24020," $831,337.63 ",0.7531348517019479,1.0," $437,754.50 "," $2,022,567.01 "," $1,557,103.65 "," $562,141.90 "," $4,796,691.29 "
Florida_PNAS_1B,Pinellas,S2,No Mangroves,RP100,61257," $457,973.77 ",0.8625311731278897,1.0," $298,751.79 "," $1,455,162.66 "," $582,781.81 "," $345,305.90 "," $2,001,444.74 "
Florida_PNAS_2C,Charlotte,S1CC,CC 2050,RP010,39631," $300,888.54 ",0.7544113700791056,0.956375915801525," $227,029.00 "," $306,814.99 "," $418,270.25 "," $321,991.38 "," $480,883.27 "
Florida_PNAS_2C+3B,Collier,S1CC,CC 2050,RP010,27915," $500,454.88 ",0.7277535888591401,0.8867808419871333," $333,074.46 "," $1,034,750.26 "," $788,410.15 "," $466,225.54 "," $2,907,310.39 "
Florida_PNAS_1B,Hillsborough,S1CC,CC 2050,RP010,29835," $350,082.66 ",0.6903091739909425,0.8023570904984711," $245,823.79 "," $689,776.10 "," $558,262.61 "," $404,926.07 "," $1,331,628.06 "
Florida_PNAS_2C,Lee,S1CC,CC 2050,RP010,77596," $287,175.72 ",0.7049307167116722,0.8304696551412344," $218,768.04 "," $377,951.39 "," $444,173.86 "," $360,282.31 "," $831,919.48 "
Florida_PNAS_1B,Manatee,S1CC,CC 2050,RP010,23908," $359,221.98 ",0.7933255777498239,1.0," $246,724.79 "," $819,120.24 "," $513,321.62 "," $332,907.28 "," $1,701,150.43 "
Florida_PNAS_5,Miami-Dade,S1CC,CC 2050,RP010,24020," $682,009.58 ",0.6453653961232623,0.48575159644281574," $378,971.19 "," $1,624,921.79 "," $1,557,103.65 "," $562,141.90 "," $4,796,691.29 "
Florida_PNAS_1B,Pinellas,S1CC,CC 2050,RP010,61257," $405,964.04 ",0.7635376718216356,1.0," $267,142.46 "," $1,365,421.22 "," $582,781.81 "," $345,305.90 "," $2,001,444.74 "
Florida_PNAS_2C,Charlotte,S1CC,CC 2050,RP025,39631," $340,066.31 ",0.855769387213888,1.0," $267,985.57 "," $320,381.72 "," $418,270.25 "," $321,991.38 "," $480,883.27 "
Florida_PNAS_2C+3B,Collier,S1CC,CC 2050,RP025,27915," $568,259.94 ",0.8289081643686569,1.0," $387,351.07 "," $1,196,815.83 "," $788,410.15 "," $466,225.54 "," $2,907,310.39 "
Florida_PNAS_1B,Hillsborough,S1CC,CC 2050,RP025,29835," $399,955.72 ",0.7871460000905951,1.0," $291,768.55 "," $745,897.79 "," $558,262.61 "," $404,926.07 "," $1,331,628.06 "
Florida_PNAS_2C,Lee,S1CC,CC 2050,RP025,77596," $342,405.80 ",0.8333853966426552,1.0," $285,993.69 "," $419,687.01 "," $444,173.86 "," $360,282.31 "," $831,919.48 "
Florida_PNAS_1B,Manatee,S1CC,CC 2050,RP025,23908," $393,280.55 ",0.8617136602971107,1.0," $271,404.18 "," $878,856.35 "," $513,321.62 "," $332,907.28 "," $1,701,150.43 "
Florida_PNAS_5,Miami-Dade,S1CC,CC 2050,RP025,24020," $777,928.74 ",0.7254312128697742,0.9043839636421205," $424,182.26 "," $1,850,064.39 "," $1,557,103.65 "," $562,141.90 "," $4,796,691.29 "
Florida_PNAS_1B,Pinellas,S1CC,CC 2050,RP025,61257," $437,621.84 ",0.8294802990347213,1.0," $287,915.38 "," $1,397,130.92 "," $582,781.81 "," $345,305.90 "," $2,001,444.74 "
Florida_PNAS_2C,Charlotte,S1CC,CC 2050,RP050,39631," $357,447.70 ",0.89367594347814,1.0," $281,898.40 "," $333,101.44 "," $418,270.25 "," $321,991.38 "," $480,883.27 "
Florida_PNAS_2C+3B,Collier,S1CC,CC 2050,RP050,27915," $600,343.31 ",0.8555715709055566,1.0," $402,381.95 "," $1,412,138.41 "," $788,410.15 "," $466,225.54 "," $2,907,310.39 "
Florida_PNAS_1B,Hillsborough,S1CC,CC 2050,RP050,29835," $428,080.12 ",0.8366483398521389,1.0," $319,620.42 "," $824,948.18 "," $558,262.61 "," $404,926.07 "," $1,331,628.06 "
Florida_PNAS_2C,Lee,S1CC,CC 2050,RP050,77596," $363,691.81 ",0.8770630189871742,1.0," $306,361.62 "," $456,618.08 "," $444,173.86 "," $360,282.31 "," $831,919.48 "
Florida_PNAS_1B,Manatee,S1CC,CC 2050,RP050,23908," $414,254.16 ",0.9003075306919411,1.0," $287,271.28 "," $921,061.68 "," $513,321.62 "," $332,907.28 "," $1,701,150.43 "
Florida_PNAS_5,Miami-Dade,S1CC,CC 2050,RP050,24020," $842,463.71 ",0.7589248092093559,1.0," $440,033.29 "," $2,064,362.34 "," $1,557,103.65 "," $562,141.90 "," $4,796,691.29 "
Florida_PNAS_1B,Pinellas,S1CC,CC 2050,RP050,61257," $456,080.03 ",0.8602815832513587,1.0," $297,960.14 "," $1,447,839.49 "," $582,781.81 "," $345,305.90 "," $2,001,444.74 "
Florida_PNAS_2C,Charlotte,S1CC,CC 2050,RP100,39631," $364,406.64 ",0.906115056617269,1.0," $286,823.24 "," $341,800.50 "," $418,270.25 "," $321,991.38 "," $480,883.27 "
Florida_PNAS_2C+3B,Collier,S1CC,CC 2050,RP100,27915," $625,908.09 ",0.8730784596954098,1.0," $412,504.04 "," $1,674,380.73 "," $788,410.15 "," $466,225.54 "," $2,907,310.39 "
Florida_PNAS_1B,Hillsborough,S1CC,CC 2050,RP100,29835," $439,842.77 ",0.852064872718143,1.0," $329,246.85 "," $864,359.32 "," $558,262.61 "," $404,926.07 "," $1,331,628.06 "
Florida_PNAS_2C,Lee,S1CC,CC 2050,RP100,77596," $373,721.68 ",0.8917673514464385,1.0," $313,967.90 "," $514,908.32 "," $444,173.86 "," $360,282.31 "," $831,919.48 "
Florida_PNAS_1B,Manatee,S1CC,CC 2050,RP100,23908," $422,738.90 ",0.9097416460323587,1.0," $292,930.73 "," $958,808.68 "," $513,321.62 "," $332,907.28 "," $1,701,150.43 "
Florida_PNAS_5,Miami-Dade,S1CC,CC 2050,RP100,24020," $900,569.50 ",0.7809435441160612,1.0," $452,786.87 "," $2,272,631.76 "," $1,557,103.65 "," $562,141.90 "," $4,796,691.29 "
Florida_PNAS_1B,Pinellas,S1CC,CC 2050,RP100,61257," $467,533.74 ",0.8726384343898942,1.0," $302,132.73 "," $1,489,999.36 "," $582,781.81 "," $345,305.90 "," $2,001,444.74 "
Florida_PNAS_2C,Charlotte,S2CC,No Mangroves + CC 2050,RP010,39631," $306,573.91 ",0.768910779502504,0.997015803182125," $233,032.29 "," $309,549.21 "," $418,270.25 "," $321,991.38 "," $480,883.27 "
Florida_PNAS_2C+3B,Collier,S2CC,No Mangroves + CC 2050,RP010,27915," $521,706.18 ",0.7687743644823947,1.0," $352,910.92 "," $1,080,584.74 "," $788,410.15 "," $466,225.54 "," $2,907,310.39 "
Florida_PNAS_1B,Hillsborough,S2CC,No Mangroves + CC 2050,RP010,29835," $350,573.90 ",0.6912542811261607,0.8051321559202671," $246,074.63 "," $690,193.30 "," $558,262.61 "," $404,926.07 "," $1,331,628.06 "
Florida_PNAS_2C,Lee,S2CC,No Mangroves + CC 2050,RP010,77596," $301,158.17 ",0.7382464320696757,0.9178584661924839," $235,976.95 "," $385,159.12 "," $444,173.86 "," $360,282.31 "," $831,919.48 "
Florida_PNAS_1B,Manatee,S2CC,No Mangroves + CC 2050,RP010,23908," $359,377.94 ",0.7936539954846632,1.0," $246,880.39 "," $820,143.06 "," $513,321.62 "," $332,907.28 "," $1,701,150.43 "
Florida_PNAS_5,Miami-Dade,S2CC,No Mangroves + CC 2050,RP010,24020," $685,901.41 ",0.6495230135715391,0.4867126600745837," $380,489.55 "," $1,633,429.26 "," $1,557,103.65 "," $562,141.90 "," $4,796,691.29 "
Florida_PNAS_1B,Pinellas,S2CC,No Mangroves + CC 2050,RP010,61257," $406,537.58 ",0.7651634430103073,1.0," $267,472.26 "," $1,365,756.57 "," $582,781.81 "," $345,305.90 "," $2,001,444.74 "
Florida_PNAS_2C,Charlotte,S2CC,No Mangroves + CC 2050,RP025,39631," $343,598.82 ",0.8640596417093757,1.0," $270,815.21 "," $322,280.42 "," $418,270.25 "," $321,991.38 "," $480,883.27 "
Florida_PNAS_2C+3B,Collier,S2CC,No Mangroves + CC 2050,RP025,27915," $573,614.48 ",0.8343771553871536,1.0," $390,782.01 "," $1,237,182.61 "," $788,410.15 "," $466,225.54 "," $2,907,310.39 "
Florida_PNAS_1B,Hillsborough,S2CC,No Mangroves + CC 2050,RP025,29835," $400,515.85 ",0.7881602057177766,1.0," $292,546.10 "," $746,349.82 "," $558,262.61 "," $404,926.07 "," $1,331,628.06 "
Florida_PNAS_2C,Lee,S2CC,No Mangroves + CC 2050,RP025,77596," $348,652.95 ",0.8476399504916873,1.0," $292,653.90 "," $422,864.53 "," $444,173.86 "," $360,282.31 "," $831,919.48 "
Florida_PNAS_1B,Manatee,S2CC,No Mangroves + CC 2050,RP025,23908," $393,493.65 ",0.8620869065676037,1.0," $271,594.35 "," $879,580.19 "," $513,321.62 "," $332,907.28 "," $1,701,150.43 "
Florida_PNAS_5,Miami-Dade,S2CC,No Mangroves + CC 2050,RP025,24020," $780,389.17 ",0.7266170378126785,0.9212152364110946," $424,727.65 "," $1,857,398.68 "," $1,557,103.65 "," $562,141.90 "," $4,796,691.29 "
Florida_PNAS_1B,Pinellas,S2CC,No Mangroves + CC 2050,RP025,61257," $437,850.75 ",0.8299320378567929,1.0," $288,105.23 "," $1,397,297.49 "," $582,781.81 "," $345,305.90 "," $2,001,444.74 "
Florida_PNAS_2C,Charlotte,S2CC,No Mangroves + CC 2050,RP050,39631," $358,377.95 ",0.8953422558626479,1.0," $282,446.23 "," $334,265.16 "," $418,270.25 "," $321,991.38 "," $480,883.27 "
Florida_PNAS_2C+3B,Collier,S2CC,No Mangroves + CC 2050,RP050,27915," $603,303.13 ",0.8588020592256671,1.0," $403,812.30 "," $1,434,047.47 "," $788,410.15 "," $466,225.54 "," $2,907,310.39 "
Florida_PNAS_1B,Hillsborough,S2CC,No Mangroves + CC 2050,RP050,29835," $428,291.30 ",0.8369465090911916,1.0," $319,809.13 "," $825,608.57 "," $558,262.61 "," $404,926.07 "," $1,331,628.06 "
Florida_PNAS_2C,Lee,S2CC,No Mangroves + CC 2050,RP050,77596," $365,210.06 ",0.8797868875228394,1.0," $307,689.66 "," $458,795.10 "," $444,173.86 "," $360,282.31 "," $831,919.48 "
Florida_PNAS_1B,Manatee,S2CC,No Mangroves + CC 2050,RP050,23908," $414,333.36 ",0.9004281450285495,1.0," $287,280.66 "," $921,482.50 "," $513,321.62 "," $332,907.28 "," $1,701,150.43 "
Florida_PNAS_5,Miami-Dade,S2CC,No Mangroves + CC 2050,RP050,24020," $843,507.06 ",0.7593881451297213,1.0," $440,238.98 "," $2,067,660.89 "," $1,557,103.65 "," $562,141.90 "," $4,796,691.29 "
Florida_PNAS_1B,Pinellas,S2CC,No Mangroves + CC 2050,RP050,61257," $456,163.80 ",0.8604141679324364,1.0," $297,960.14 "," $1,448,054.40 "," $582,781.81 "," $345,305.90 "," $2,001,444.74 "
Florida_PNAS_2C,Charlotte,S2CC,No Mangroves + CC 2050,RP100,39631," $365,083.36 ",0.9073030445967494,1.0," $287,296.36 "," $342,873.08 "," $418,270.25 "," $321,991.38 "," $480,883.27 "
Florida_PNAS_2C+3B,Collier,S2CC,No Mangroves + CC 2050,RP100,27915," $627,636.73 ",0.8746210461100801,1.0," $413,181.60 "," $1,686,848.20 "," $788,410.15 "," $466,225.54 "," $2,907,310.39 "
Florida_PNAS_1B,Hillsborough,S2CC,No Mangroves + CC 2050,RP100,29835," $440,005.22 ",0.8522581328224644,1.0," $329,413.28 "," $864,868.86 "," $558,262.61 "," $404,926.07 "," $1,331,628.06 "
Florida_PNAS_2C,Lee,S2CC,No Mangroves + CC 2050,RP100,77596," $374,718.07 ",0.8933618444458803,1.0," $314,891.15 "," $517,952.91 "," $444,173.86 "," $360,282.31 "," $831,919.48 "
Florida_PNAS_1B,Manatee,S2CC,No Mangroves + CC 2050,RP100,23908," $422,784.59 ",0.9097866964122678,1.0," $292,930.73 "," $959,096.64 "," $513,321.62 "," $332,907.28 "," $1,701,150.43 "
Florida_PNAS_5,Miami-Dade,S2CC,No Mangroves + CC 2050,RP100,24020," $901,044.63 ",0.7812809580429384,1.0," $452,902.32 "," $2,273,885.07 "," $1,557,103.65 "," $562,141.90 "," $4,796,691.29 "
Florida_PNAS_1B,Pinellas,S2CC,No Mangroves + CC 2050,RP100,61257," $467,604.87 ",0.8727279848191289,1.0," $302,132.73 "," $1,490,163.14 "," $582,781.81 "," $345,305.90 "," $2,001,444.74 "
