region,county,scenario,scenario_label,return_period,n_buildings_flooded,mean_damage_dollar,median_damage_dollar,std_damage_dollar,p10_damage_dollar,p25_damage_dollar,p75_damage_dollar,p90_damage_dollar
USA_FL_W2_06,Charlotte,S1,Baseline,RP010,2206," $220,815.78 "," $130,598.04 "," $270,455.16 "," $45,988.72 "," $70,359.31 "," $253,339.99 "," $503,682.19 "
USA_FL_W2_06,Collier,S1,Baseline,RP010,8810," $332,294.94 "," $204,083.03 "," $586,809.31 "," $75,860.40 "," $122,969.10 "," $403,767.69 "," $577,281.22 "
USA_FL_W2_06,Hillsborough,S1,Baseline,RP010,82," $229,812.32 "," $150,744.76 "," $191,746.96 "," $74,562.68 "," $94,869.06 "," $334,686.65 "," $477,666.41 "
USA_FL_W2_06,Lee,S1,Baseline,RP010,10767," $199,015.46 "," $105,617.14 "," $328,512.58 "," $49,562.11 "," $71,014.39 "," $211,939.90 "," $384,808.09 "
USA_FL_W2_06,Manatee,S1,Baseline,RP010,11893," $229,657.28 "," $129,591.56 "," $559,073.12 "," $57,508.12 "," $83,756.87 "," $258,173.26 "," $452,047.22 "
USA_FL_08,Miami-Dade,S1,Baseline,RP010,5268," $606,430.54 "," $181,985.20 "," $1,608,588.43 "," $65,515.66 "," $99,519.60 "," $466,420.68 "," $1,069,761.23 "
USA_FL_W2_06,Pinellas,S1,Baseline,RP010,21831," $372,196.76 "," $225,848.80 "," $929,609.63 "," $77,615.73 "," $121,608.02 "," $365,714.64 "," $541,635.63 "
USA_FL_W2_06,Charlotte,S1,Baseline,RP025,4832," $193,705.31 "," $105,444.13 "," $261,299.32 "," $19,066.28 "," $51,729.41 "," $225,483.08 "," $445,428.29 "
USA_FL_W2_06,Collier,S1,Baseline,RP025,12282," $462,156.54 "," $360,210.11 "," $741,713.96 "," $96,072.72 "," $186,670.43 "," $510,597.09 "," $690,942.73 "
USA_FL_W2_06,Hillsborough,S1,Baseline,RP025,280," $168,749.30 "," $101,905.77 "," $167,050.75 "," $69,348.40 "," $79,536.32 "," $161,876.08 "," $370,211.30 "
USA_FL_W2_06,Lee,S1,Baseline,RP025,22040," $187,391.32 "," $112,584.91 "," $291,247.68 "," $47,867.61 "," $72,358.35 "," $207,946.88 "," $355,637.34 "
USA_FL_W2_06,Manatee,S1,Baseline,RP025,15126," $277,661.30 "," $171,550.61 "," $644,042.15 "," $67,359.79 "," $96,542.56 "," $326,259.86 "," $518,794.43 "
USA_FL_08,Miami-Dade,S1,Baseline,RP025,5785," $595,691.74 "," $189,017.44 "," $1,560,230.01 "," $65,682.02 "," $104,433.06 "," $488,308.65 "," $1,031,670.99 "
USA_FL_W2_06,Pinellas,S1,Baseline,RP025,25113," $431,528.57 "," $275,883.48 "," $1,055,531.02 "," $97,980.53 "," $169,171.90 "," $400,925.68 "," $602,998.35 "
USA_FL_W2_06,Charlotte,S1,Baseline,RP050,9624," $189,102.24 "," $100,209.94 "," $265,059.50 "," $37,412.09 "," $58,810.17 "," $221,370.77 "," $428,516.12 "
USA_FL_W2_06,Collier,S1,Baseline,RP050,19562," $449,556.34 "," $322,580.98 "," $825,292.45 "," $67,968.49 "," $130,575.49 "," $502,775.45 "," $720,111.52 "
USA_FL_W2_06,Hillsborough,S1,Baseline,RP050,925," $152,040.00 "," $103,239.62 "," $147,216.53 "," $63,012.55 "," $82,572.44 "," $150,129.66 "," $329,899.39 "
USA_FL_W2_06,Lee,S1,Baseline,RP050,54444," $183,283.18 "," $119,137.91 "," $258,151.84 "," $57,811.68 "," $80,320.91 "," $209,655.89 "," $363,366.41 "
USA_FL_W2_06,Manatee,S1,Baseline,RP050,18589," $316,948.47 "," $208,911.68 "," $662,817.71 "," $74,505.80 "," $105,420.65 "," $370,433.50 "," $602,979.10 "
USA_FL_08,Miami-Dade,S1,Baseline,RP050,6717," $566,014.10 "," $180,916.51 "," $1,525,732.76 "," $64,407.76 "," $102,515.60 "," $473,762.33 "," $954,889.75 "
USA_FL_W2_06,Pinellas,S1,Baseline,RP050,28854," $450,260.32 "," $293,642.89 "," $1,082,141.63 "," $97,713.64 "," $184,287.07 "," $413,067.29 "," $629,418.39 "
USA_FL_W2_06,Charlotte,S1,Baseline,RP100,23469," $187,026.39 "," $113,873.67 "," $240,521.92 "," $55,078.04 "," $78,315.75 "," $213,891.00 "," $367,730.77 "
USA_FL_W2_06,Collier,S1,Baseline,RP100,39859," $402,993.45 "," $250,447.83 "," $877,672.81 "," $75,602.25 "," $120,274.30 "," $452,902.32 "," $664,809.24 "
USA_FL_W2_06,Hillsborough,S1,Baseline,RP100,2928," $178,540.61 "," $126,609.67 "," $380,532.34 "," $50,285.90 "," $83,951.43 "," $170,121.30 "," $347,410.21 "
USA_FL_W2_06,Lee,S1,Baseline,RP100,97331," $244,779.85 "," $176,932.66 "," $324,916.00 "," $64,453.67 "," $97,496.90 "," $319,082.88 "," $465,921.06 "
USA_FL_W2_06,Manatee,S1,Baseline,RP100,22448," $349,447.92 "," $237,898.65 "," $708,657.20 "," $77,939.55 "," $117,039.13 "," $399,617.82 "," $647,989.51 "
USA_FL_08,Miami-Dade,S1,Baseline,RP100,10703," $488,788.22 "," $164,457.82 "," $1,382,803.93 "," $61,749.86 "," $93,082.35 "," $424,887.04 "," $847,305.58 "
USA_FL_W2_06,Pinellas,S1,Baseline,RP100,35117," $439,240.97 "," $287,210.79 "," $1,083,611.23 "," $87,843.86 "," $164,600.16 "," $410,286.26 "," $621,100.31 "
USA_FL_W2_06,Charlotte,S2,No Mangroves,RP010,2261," $221,750.22 "," $130,522.31 "," $271,793.12 "," $46,164.26 "," $70,883.84 "," $253,681.19 "," $513,501.20 "
USA_FL_W2_06,Collier,S2,No Mangroves,RP010,9066," $334,204.58 "," $208,118.29 "," $582,408.01 "," $73,596.16 "," $122,577.68 "," $408,681.56 "," $579,599.34 "
USA_FL_W2_06,Hillsborough,S2,No Mangroves,RP010,82," $229,936.05 "," $150,896.66 "," $191,754.63 "," $74,723.02 "," $94,907.08 "," $334,699.06 "," $477,709.11 "
USA_FL_W2_06,Lee,S2,No Mangroves,RP010,11941," $193,544.79 "," $104,789.23 "," $314,575.12 "," $52,700.39 "," $70,814.34 "," $205,790.78 "," $369,462.34 "
USA_FL_W2_06,Manatee,S2,No Mangroves,RP010,11942," $231,140.45 "," $130,894.79 "," $562,580.58 "," $57,609.20 "," $84,169.87 "," $260,340.77 "," $453,209.92 "
USA_FL_08,Miami-Dade,S2,No Mangroves,RP010,5379," $620,962.08 "," $182,265.52 "," $1,644,119.19 "," $65,974.92 "," $99,313.82 "," $465,979.26 "," $1,094,792.85 "
USA_FL_W2_06,Pinellas,S2,No Mangroves,RP010,21862," $372,316.85 "," $226,169.64 "," $929,353.31 "," $77,644.97 "," $121,595.31 "," $365,714.64 "," $542,069.87 "
USA_FL_W2_06,Charlotte,S2,No Mangroves,RP025,5041," $190,757.08 "," $102,997.76 "," $258,288.97 "," $19,901.10 "," $51,509.86 "," $222,894.39 "," $435,710.29 "
USA_FL_W2_06,Collier,S2,No Mangroves,RP025,13488," $444,140.60 "," $337,071.27 "," $732,052.74 "," $89,016.18 "," $170,450.88 "," $502,741.56 "," $678,207.10 "
USA_FL_W2_06,Hillsborough,S2,No Mangroves,RP025,343," $154,843.08 "," $96,944.17 "," $157,946.79 "," $57,113.26 "," $75,129.02 "," $153,251.93 "," $352,215.84 "
USA_FL_W2_06,Lee,S2,No Mangroves,RP025,30815," $169,604.80 "," $107,819.99 "," $263,597.91 "," $45,678.78 "," $71,210.74 "," $183,988.13 "," $323,576.64 "
USA_FL_W2_06,Manatee,S2,No Mangroves,RP025,15177," $278,079.69 "," $171,886.77 "," $644,682.49 "," $67,465.93 "," $96,287.86 "," $326,761.65 "," $519,379.97 "
USA_FL_08,Miami-Dade,S2,No Mangroves,RP025,5934," $605,602.95 "," $185,398.98 "," $1,603,482.36 "," $64,980.08 "," $103,719.15 "," $484,763.99 "," $1,037,893.97 "
USA_FL_W2_06,Pinellas,S2,No Mangroves,RP025,25144," $431,565.95 "," $275,955.59 "," $1,055,351.34 "," $97,912.76 "," $169,271.07 "," $400,931.82 "," $603,155.98 "
USA_FL_W2_06,Charlotte,S2,No Mangroves,RP050,10599," $184,193.67 "," $97,160.64 "," $264,610.88 "," $39,072.39 "," $60,973.64 "," $214,395.89 "," $403,488.20 "
USA_FL_W2_06,Collier,S2,No Mangroves,RP050,28495," $375,659.77 "," $226,390.76 "," $816,103.54 "," $57,712.95 "," $92,214.60 "," $454,907.52 "," $643,306.03 "
USA_FL_W2_06,Hillsborough,S2,No Mangroves,RP050,967," $151,896.49 "," $103,753.87 "," $145,317.26 "," $63,310.79 "," $82,879.78 "," $150,082.59 "," $319,578.62 "
USA_FL_W2_06,Lee,S2,No Mangroves,RP050,70022," $211,792.54 "," $141,041.09 "," $272,851.83 "," $62,422.02 "," $90,555.01 "," $265,721.62 "," $420,803.85 "
USA_FL_W2_06,Manatee,S2,No Mangroves,RP050,18670," $317,042.70 "," $208,982.19 "," $663,039.32 "," $74,582.03 "," $105,642.14 "," $370,304.60 "," $603,091.72 "
USA_FL_08,Miami-Dade,S2,No Mangroves,RP050,6918," $573,590.96 "," $179,908.56 "," $1,561,430.95 "," $64,369.93 "," $102,289.69 "," $468,686.78 "," $955,742.64 "
USA_FL_W2_06,Pinellas,S2,No Mangroves,RP050,28988," $449,103.41 "," $293,053.80 "," $1,079,981.25 "," $96,886.20 "," $183,058.48 "," $412,647.19 "," $628,177.60 "
USA_FL_W2_06,Charlotte,S2,No Mangroves,RP100,29823," $192,224.74 "," $124,925.64 "," $234,674.68 "," $57,397.78 "," $84,692.51 "," $216,357.79 "," $367,945.16 "
USA_FL_W2_06,Collier,S2,No Mangroves,RP100,45253," $424,900.83 "," $279,663.18 "," $941,867.42 "," $92,056.89 "," $143,857.37 "," $462,252.68 "," $669,945.41 "
USA_FL_W2_06,Hillsborough,S2,No Mangroves,RP100,3060," $177,852.69 "," $126,798.18 "," $374,637.24 "," $50,752.10 "," $84,506.14 "," $170,596.46 "," $343,691.65 "
USA_FL_W2_06,Lee,S2,No Mangroves,RP100,111137," $271,117.58 "," $218,129.75 "," $330,923.46 "," $73,405.39 "," $110,589.98 "," $347,569.12 "," $485,764.37 "
USA_FL_W2_06,Manatee,S2,No Mangroves,RP100,22532," $350,086.15 "," $238,488.25 "," $712,616.31 "," $77,843.29 "," $117,229.06 "," $399,929.70 "," $648,935.13 "
USA_FL_08,Miami-Dade,S2,No Mangroves,RP100,13172," $440,375.88 "," $148,486.19 "," $1,291,306.88 "," $57,612.61 "," $83,479.85 "," $361,765.61 "," $785,675.68 "
USA_FL_W2_06,Pinellas,S2,No Mangroves,RP100,35434," $437,848.03 "," $285,568.24 "," $1,079,464.68 "," $87,756.20 "," $163,796.47 "," $409,817.81 "," $621,100.31 "
USA_FL_W2_06,Charlotte,S1CC,CC 2050,RP010,4759," $194,950.57 "," $106,340.01 "," $262,338.40 "," $18,984.05 "," $52,241.59 "," $227,621.86 "," $449,737.22 "
USA_FL_W2_06,Collier,S1CC,CC 2050,RP010,10921," $422,584.94 "," $330,425.75 "," $683,555.52 "," $91,513.86 "," $157,366.99 "," $491,977.31 "," $653,066.91 "
USA_FL_W2_06,Hillsborough,S1CC,CC 2050,RP010,355," $170,348.70 "," $108,511.64 "," $163,343.57 "," $69,807.93 "," $83,544.17 "," $162,324.22 "," $385,738.56 "
USA_FL_W2_06,Lee,S1CC,CC 2050,RP010,17688," $194,307.02 "," $111,994.88 "," $305,787.61 "," $49,785.96 "," $73,047.76 "," $215,134.21 "," $373,887.27 "
USA_FL_W2_06,Manatee,S1CC,CC 2050,RP010,15736," $283,693.65 "," $176,643.96 "," $646,793.13 "," $68,345.62 "," $97,534.05 "," $333,573.53 "," $529,602.63 "
USA_FL_08,Miami-Dade,S1CC,CC 2050,RP010,10451," $535,432.14 "," $163,795.10 "," $1,491,329.67 "," $64,366.05 "," $92,126.59 "," $447,829.14 "," $902,873.04 "
USA_FL_W2_06,Pinellas,S1CC,CC 2050,RP010,25377," $432,549.79 "," $276,921.72 "," $1,055,719.62 "," $98,286.99 "," $170,233.32 "," $401,781.25 "," $605,202.74 "
USA_FL_W2_06,Charlotte,S1CC,CC 2050,RP025,7698," $198,176.76 "," $104,807.56 "," $259,256.18 "," $35,260.38 "," $61,080.67 "," $235,214.77 "," $453,522.73 "
USA_FL_W2_06,Collier,S1CC,CC 2050,RP025,14929," $487,158.18 "," $365,436.61 "," $836,779.14 "," $86,542.63 "," $195,221.69 "," $516,290.69 "," $742,189.32 "
USA_FL_W2_06,Hillsborough,S1CC,CC 2050,RP025,1056," $163,455.22 "," $109,456.15 "," $161,234.52 "," $64,473.49 "," $88,030.06 "," $156,417.59 "," $354,696.16 "
USA_FL_W2_06,Lee,S1CC,CC 2050,RP025,35484," $179,999.11 "," $113,758.00 "," $266,763.34 "," $51,802.26 "," $74,754.28 "," $202,119.15 "," $346,515.18 "
USA_FL_W2_06,Manatee,S1CC,CC 2050,RP025,18758," $318,396.20 "," $210,449.91 "," $663,240.24 "," $75,710.54 "," $106,609.31 "," $372,016.59 "," $602,455.76 "
USA_FL_08,Miami-Dade,S1CC,CC 2050,RP025,11636," $525,703.96 "," $169,573.48 "," $1,463,417.74 "," $68,566.19 "," $97,656.96 "," $444,998.06 "," $906,895.55 "
USA_FL_W2_06,Pinellas,S1CC,CC 2050,RP025,29132," $448,272.51 "," $292,837.02 "," $1,079,355.76 "," $95,626.43 "," $181,827.15 "," $412,727.30 "," $628,434.58 "
USA_FL_W2_06,Charlotte,S1CC,CC 2050,RP050,15166," $191,981.86 "," $108,814.64 "," $256,937.31 "," $49,566.62 "," $72,050.90 "," $220,945.02 "," $399,602.65 "
USA_FL_W2_06,Collier,S1CC,CC 2050,RP050,27879," $395,657.35 "," $247,214.56 "," $823,891.91 "," $62,451.06 "," $99,895.33 "," $467,016.57 "," $666,597.18 "
USA_FL_W2_06,Hillsborough,S1CC,CC 2050,RP050,2627," $173,809.99 "," $125,796.77 "," $377,884.91 "," $54,582.02 "," $86,050.09 "," $166,792.06 "," $331,395.76 "
USA_FL_W2_06,Lee,S1CC,CC 2050,RP050,72593," $207,977.77 "," $140,391.12 "," $276,342.04 "," $63,149.01 "," $91,200.28 "," $249,563.98 "," $414,499.97 "
USA_FL_W2_06,Manatee,S1CC,CC 2050,RP050,21748," $345,351.28 "," $233,880.60 "," $698,770.42 "," $78,368.12 "," $115,185.10 "," $396,795.64 "," $640,603.42 "
USA_FL_08,Miami-Dade,S1CC,CC 2050,RP050,13464," $524,149.77 "," $185,674.32 "," $1,434,308.06 "," $71,379.27 "," $106,900.34 "," $461,536.46 "," $899,511.18 "
USA_FL_W2_06,Pinellas,S1CC,CC 2050,RP050,34291," $439,001.19 "," $287,315.22 "," $1,083,495.34 "," $88,270.15 "," $165,952.47 "," $410,128.83 "," $621,545.64 "
USA_FL_W2_06,Charlotte,S1CC,CC 2050,RP100,34151," $206,743.11 "," $133,169.94 "," $242,095.72 "," $57,665.39 "," $88,001.61 "," $246,385.74 "," $398,908.19 "
USA_FL_W2_06,Collier,S1CC,CC 2050,RP100,45627," $431,103.01 "," $281,300.40 "," $930,242.19 "," $86,565.90 "," $144,281.58 "," $465,590.95 "," $690,162.10 "
USA_FL_W2_06,Hillsborough,S1CC,CC 2050,RP100,6075," $203,498.62 "," $132,932.59 "," $359,060.00 "," $53,821.00 "," $76,166.08 "," $230,315.40 "," $407,681.28 "
USA_FL_W2_06,Lee,S1CC,CC 2050,RP100,114142," $270,180.02 "," $214,388.34 "," $351,209.93 "," $73,924.76 "," $109,699.36 "," $345,827.94 "," $486,232.35 "
USA_FL_W2_06,Manatee,S1CC,CC 2050,RP100,25395," $360,669.25 "," $247,603.39 "," $748,818.99 "," $79,336.87 "," $126,565.54 "," $410,060.06 "," $657,030.96 "
USA_FL_08,Miami-Dade,S1CC,CC 2050,RP100,22379," $442,812.49 "," $161,766.58 "," $1,243,467.47 "," $56,988.98 "," $88,952.84 "," $424,061.23 "," $772,644.27 "
USA_FL_W2_06,Pinellas,S1CC,CC 2050,RP100,42118," $420,575.61 "," $276,921.72 "," $1,052,529.82 "," $81,847.00 "," $154,031.88 "," $402,049.12 "," $597,062.05 "
USA_FL_W2_06,Charlotte,S2CC,No Mangroves + CC 2050,RP010,4982," $190,991.71 "," $102,902.10 "," $258,814.27 "," $19,615.91 "," $51,088.09 "," $224,202.66 "," $436,986.36 "
USA_FL_W2_06,Collier,S2CC,No Mangroves + CC 2050,RP010,11508," $417,560.13 "," $320,802.01 "," $673,773.99 "," $92,530.30 "," $154,878.21 "," $489,503.61 "," $648,827.66 "
USA_FL_W2_06,Hillsborough,S2CC,No Mangroves + CC 2050,RP010,422," $157,133.71 "," $100,738.64 "," $156,488.32 "," $54,873.61 "," $78,289.04 "," $155,357.98 "," $361,626.31 "
USA_FL_W2_06,Lee,S2CC,No Mangroves + CC 2050,RP010,22248," $179,293.65 "," $109,223.51 "," $278,229.33 "," $47,222.89 "," $71,801.84 "," $196,102.63 "," $341,913.27 "
USA_FL_W2_06,Manatee,S2CC,No Mangroves + CC 2050,RP010,15815," $284,180.67 "," $176,561.77 "," $649,692.16 "," $68,540.95 "," $97,297.21 "," $333,604.47 "," $530,318.67 "
USA_FL_08,Miami-Dade,S2CC,No Mangroves + CC 2050,RP010,10524," $540,529.95 "," $165,185.15 "," $1,498,240.52 "," $65,279.93 "," $92,942.57 "," $447,914.09 "," $910,106.63 "
USA_FL_W2_06,Pinellas,S2CC,No Mangroves + CC 2050,RP010,25409," $432,483.83 "," $276,994.21 "," $1,055,377.27 "," $98,188.23 "," $170,209.90 "," $401,784.26 "," $605,257.49 "
USA_FL_W2_06,Charlotte,S2CC,No Mangroves + CC 2050,RP025,8659," $187,587.34 "," $96,406.90 "," $264,746.24 "," $35,699.06 "," $58,403.89 "," $220,596.64 "," $422,249.67 "
USA_FL_W2_06,Collier,S2CC,No Mangroves + CC 2050,RP025,19398," $421,628.68 "," $304,612.01 "," $838,431.04 "," $59,700.65 "," $117,992.18 "," $483,771.14 "," $668,505.08 "
USA_FL_W2_06,Hillsborough,S2CC,No Mangroves + CC 2050,RP025,1104," $162,269.11 "," $109,882.89 "," $158,617.89 "," $65,287.00 "," $86,807.67 "," $156,702.87 "," $339,793.04 "
USA_FL_W2_06,Lee,S2CC,No Mangroves + CC 2050,RP025,52191," $177,465.71 "," $119,977.71 "," $249,459.73 "," $57,047.17 "," $80,455.95 "," $196,987.79 "," $343,014.55 "
USA_FL_W2_06,Manatee,S2CC,No Mangroves + CC 2050,RP025,18856," $318,321.96 "," $210,583.26 "," $662,917.80 "," $75,764.19 "," $106,659.05 "," $372,187.43 "," $601,613.16 "
USA_FL_08,Miami-Dade,S2CC,No Mangroves + CC 2050,RP025,11894," $525,562.24 "," $169,296.23 "," $1,468,412.54 "," $68,351.73 "," $97,670.64 "," $439,758.20 "," $902,849.77 "
USA_FL_W2_06,Pinellas,S2CC,No Mangroves + CC 2050,RP025,29266," $447,122.86 "," $291,923.64 "," $1,077,235.49 "," $94,783.50 "," $180,586.92 "," $412,179.42 "," $627,497.47 "
USA_FL_W2_06,Charlotte,S2CC,No Mangroves + CC 2050,RP050,20307," $177,299.32 "," $108,101.83 "," $238,088.25 "," $52,349.27 "," $73,794.93 "," $193,725.26 "," $346,293.05 "
USA_FL_W2_06,Collier,S2CC,No Mangroves + CC 2050,RP050,36467," $374,698.28 "," $219,796.18 "," $833,646.60 "," $66,708.92 "," $104,152.46 "," $441,434.62 "," $640,158.62 "
USA_FL_W2_06,Hillsborough,S2CC,No Mangroves + CC 2050,RP050,2769," $173,545.23 "," $125,421.48 "," $371,854.77 "," $54,305.76 "," $85,986.70 "," $167,747.57 "," $330,555.62 "
USA_FL_W2_06,Lee,S2CC,No Mangroves + CC 2050,RP050,89096," $245,667.28 "," $179,362.23 "," $321,931.73 "," $64,753.24 "," $99,697.34 "," $321,489.91 "," $466,335.31 "
USA_FL_W2_06,Manatee,S2CC,No Mangroves + CC 2050,RP050,21832," $345,666.73 "," $234,466.83 "," $701,503.88 "," $78,427.05 "," $115,669.48 "," $396,805.85 "," $640,543.20 "
USA_FL_08,Miami-Dade,S2CC,No Mangroves + CC 2050,RP050,14786," $499,285.73 "," $173,717.21 "," $1,391,792.61 "," $66,943.46 "," $101,001.47 "," $432,149.49 "," $868,919.46 "
USA_FL_W2_06,Pinellas,S2CC,No Mangroves + CC 2050,RP050,34532," $438,412.45 "," $286,698.64 "," $1,080,252.65 "," $88,478.55 "," $165,437.33 "," $410,128.83 "," $622,497.43 "
USA_FL_W2_06,Charlotte,S2CC,No Mangroves + CC 2050,RP100,38446," $244,554.23 "," $170,027.62 "," $264,843.00 "," $63,085.43 "," $96,215.72 "," $311,596.20 "," $457,812.06 "
USA_FL_W2_06,Collier,S2CC,No Mangroves + CC 2050,RP100,51711," $447,819.22 "," $293,518.72 "," $1,029,727.61 "," $96,309.17 "," $158,013.75 "," $468,912.24 "," $683,009.59 "
USA_FL_W2_06,Hillsborough,S2CC,No Mangroves + CC 2050,RP100,6420," $201,334.76 "," $130,695.35 "," $356,557.62 "," $54,658.58 "," $76,638.89 "," $224,501.76 "," $405,381.76 "
USA_FL_W2_06,Lee,S2CC,No Mangroves + CC 2050,RP100,126462," $291,936.01 "," $241,632.62 "," $373,528.47 "," $82,533.83 "," $128,712.75 "," $361,353.15 "," $495,615.37 "
USA_FL_W2_06,Manatee,S2CC,No Mangroves + CC 2050,RP100,25491," $360,465.04 "," $247,436.06 "," $749,194.02 "," $79,193.98 "," $126,071.80 "," $409,852.53 "," $656,055.72 "
USA_FL_08,Miami-Dade,S2CC,No Mangroves + CC 2050,RP100,34585," $338,316.81 "," $125,339.74 "," $1,027,081.10 "," $55,857.44 "," $77,252.89 "," $286,000.36 "," $622,834.04 "
USA_FL_W2_06,Pinellas,S2CC,No Mangroves + CC 2050,RP100,42750," $418,375.12 "," $275,267.35 "," $1,049,218.63 "," $81,379.01 "," $151,965.03 "," $400,817.66 "," $594,410.67 "
